Model,MAE,RMSE,R2 Score
Linear Regression,0.7655319639220503,0.9780640440932864,0.5472647688116414
Random Forest,0.04448567014515386,0.26400212774278575,0.9670143870170684
